image,label
22890,3_00_0
11150,2_a5_2
36639,3_00_0
41127,1_00_0
23582,6_00_0
35531,1_00_0
21730,2_00_0
40865,3_00_0
26391,6_00_0
45275,3_00_0
15295,4_00_0
33464,4_00_0
18132,1_00_0
34064,3_00_0
29539,3_00_0
35402,3_b8_1
55550,3_00_0
52837,5_00_0
38468,3_b3_1
52527,1_00_0
22955,5_b8_1
16621,2_a5_2
10345,1_00_0
37704,5_b6_1
23538,4_00_0
55750,2_a5_2
42060,6_a12_1
50969,4_00_0
28484,1_00_0
12770,3_00_0
39571,3_00_0
29888,3_b6_1
56493,3_b6_1
26411,6_00_0
37242,6_00_0
11740,2_00_0
29463,3_00_0
42672,6_00_0
35772,1_00_0
22769,1_00_0
40072,4_00_0
45094,3_00_0
48508,6_00_0
29334,5_b7_1
18329,4_00_0
36970,1_00_0
13721,6_00_0
25819,3_00_0
46204,3_00_0
46054,4_00_0
42725,2_00_0
46802,1_00_0
33076,5_b8_1
29540,3_00_0
49667,3_b7_1
55293,1_00_0
25096,2_a5_2
34809,4_00_0
50221,3_00_0
35932,1_00_0
22209,2_00_0
53434,3_b8_1
50146,3_00_0
49975,6_00_0
35368,3_00_0
40278,1_00_0
11622,4_00_0
22522,3_00_0
44802,4_00_0
13658,5_b8_1
29965,1_00_0
26699,6_00_0
21797,4_00_0
14585,3_00_0
27315,3_b7_1
20990,5_b8_1
14955,6_00_0
18109,1_00_0
15367,6_00_0
51613,5_b8_1
52912,2_a5_2
16395,4_00_0
54796,3_00_0
52318,2_00_0
37037,6_00_0
47162,5_b7_1
12721,4_00_0
46124,3_00_0
32032,2_00_0
42982,3_b8_1
42237,3_00_0
31216,6_00_0
50474,3_00_0
45753,4_00_0
54718,3_00_0
45107,4_00_0
53667,1_00_0
52774,3_b3_1
21379,4_00_0
55313,1_00_0
20718,6_a12_1
40097,5_b7_1
52948,1_00_0
17816,3_00_0
39066,2_a5_2
31951,3_00_0
31812,2_a5_2
47930,1_00_0
31233,5_b8_1
27313,3_b3_1
17183,2_00_0
44256,4_00_0
40241,4_00_0
48943,3_00_0
11759,5_b6_1
32830,3_00_0
29788,3_00_0
10828,4_00_0
54285,3_a9_2
26962,3_00_0
25166,5_b6_1
15805,1_00_0
31551,6_00_0
25971,6_00_0
15702,5_b7_1
40720,3_00_0
39145,3_00_0
50252,6_00_0
23103,4_00_0
35898,4_00_0
31138,1_00_0
28185,4_00_0
51549,5_00_0
24304,1_00_0
42914,6_00_0
49845,3_b8_1
27075,2_00_0
17595,3_00_0
40650,4_00_0
15072,3_00_0
19697,6_a11_1
44185,3_a9_1
30512,4_00_0
55835,3_b7_1
52793,3_00_0
42782,4_00_0
34563,4_00_0
48871,3_00_0
54745,3_b7_1
55526,3_00_0
33262,3_b3_1
16172,4_00_0
29667,3_b3_1
12448,5_b7_1
12045,3_00_0
50945,3_00_0
18529,3_00_0
44253,3_00_0
23561,5_a7_2
46931,6_00_0
12716,1_00_0
52478,1_00_0
43786,6_00_0
45653,3_b6_1
13019,4_00_0
28784,5_b7_1
16197,3_00_0
53334,4_00_0
20965,5_b8_1
46729,1_00_0
42061,4_00_0
32181,6_b5_1
49270,3_00_0
53396,3_00_0
25322,1_00_0
54716,1_00_0
52333,4_00_0
13271,2_a5_2
16766,2_00_0
15491,5_b6_1
51671,6_a12_2
31782,3_b7_1
40765,1_00_0
40372,1_00_0
18185,1_00_0
13229,4_00_0
12949,3_b3_1
17569,3_00_0
23416,6_00_0
47989,3_00_0
31327,1_00_0
24412,1_00_0
29721,5_00_0
19802,5_b7_1
33150,2_00_0
52989,3_00_0
19586,4_00_0
19543,6_b5_1
41893,4_00_0
55889,5_00_0
42531,3_b3_1
39194,3_a9_1
37503,3_00_0
34417,4_00_0
16985,5_b8_1
40742,3_00_0
35367,1_00_0
25489,1_00_0
41207,4_00_0
23000,4_00_0
40505,6_00_0
19340,6_00_0
19294,3_b7_1
17125,3_b6_1
43525,3_00_0
14471,3_00_0
13051,6_00_0
55348,3_00_0
42330,6_00_0
42124,5_a7_2
41705,1_00_0
43085,1_00_0
26143,3_00_0
11883,1_00_0
21172,3_00_0
55807,3_00_0
38741,3_a9_1
47319,6_00_0
42534,5_00_0
22646,1_00_0
43761,6_00_0
26565,5_b8_1
46819,3_00_0
49227,2_00_0
33733,6_00_0
16324,6_00_0
40311,3_00_0
51490,5_b7_1
52485,6_00_0
29077,5_b8_1
50560,5_b8_1
10118,3_a9_1
24730,4_00_0
54698,4_00_0
29939,4_00_0
18996,3_a9_1
30369,5_a7_2
22483,3_00_0
34667,4_00_0
21025,6_00_0
15232,1_00_0
15436,3_b8_1
21038,5_b6_1
39110,1_00_0
52535,3_00_0
55314,4_00_0
39318,3_00_0
17607,3_00_0
24569,3_00_0
14419,4_00_0
55735,6_00_0
20276,5_b6_1
40471,3_b7_1
25860,2_00_0
44354,2_a5_2
36019,2_a5_2
38183,3_b3_1
13036,4_00_0
12485,5_00_0
48725,1_00_0
40947,4_00_0
42599,3_b3_1
14965,1_00_0
24063,1_00_0
23067,3_00_0
25431,4_00_0
18146,3_00_0
18934,3_00_0
14498,4_00_0
32629,3_b3_1
12504,3_b3_1
55833,5_b8_1
49339,3_00_0
39317,3_b8_1
33117,4_00_0
33314,6_00_0
16485,3_00_0
29130,3_00_0
30737,3_00_0
55605,5_b7_1
31072,1_00_0
54880,6_b5_1
42656,3_00_0
28228,4_00_0
25640,3_a9_1
14495,6_a11_1
20443,3_00_0
14943,1_00_0
25980,4_00_0
32298,6_00_0
39497,6_00_0
54484,3_00_0
43230,3_a9_1
33558,4_00_0
46365,6_00_0
18958,4_00_0
44675,4_00_0
52038,3_00_0
19189,5_b7_1
51949,5_a7_2
21972,1_00_0
25693,6_00_0
49249,5_a7_2
16246,1_00_0
24019,3_00_0
32138,3_00_0
53784,3_00_0
15788,3_a9_3
26617,2_00_0
46735,5_b6_1
55804,3_00_0
28292,6_00_0
11346,4_00_0
23769,4_00_0
20205,3_00_0
39045,6_00_0
35601,3_00_0
10419,3_00_0
46864,3_00_0
17497,3_b3_1
19546,6_00_0
44442,6_00_0
28558,6_a11_2
40603,4_00_0
42423,5_b6_1
17247,5_b8_1
17427,3_b6_1
46057,3_00_0
33608,3_a9_2
13305,4_00_0
41423,3_b3_1
49884,2_00_0
12698,6_00_0
17665,4_00_0
50735,1_00_0
55069,6_a11_1
46235,3_a9_2
15845,6_00_0
34878,3_00_0
47888,3_00_0
43423,3_00_0
50604,4_00_0
45980,5_a7_2
47768,4_00_0
34653,3_a9_1
39704,6_00_0
24313,6_00_0
48212,1_00_0
34178,3_b8_1
15892,3_b3_1
53819,6_00_0
49962,3_00_0
29684,3_00_0
48829,1_00_0
11860,3_b7_1
47339,1_00_0
55309,2_00_0
38677,6_00_0
25846,6_a11_1
11292,3_00_0
16503,3_00_0
28232,3_a9_2
21801,5_b6_1
39588,3_00_0
34168,6_00_0
12928,4_00_0
20733,1_00_0
22629,6_00_0
16652,1_00_0
42245,6_00_0
55759,3_a9_2
47178,3_00_0
32112,3_00_0
15681,3_00_0
14895,1_00_0
29201,3_a9_2
35043,6_00_0
56577,4_00_0
50278,5_b7_1
27608,3_00_0
20502,5_b8_1
24942,3_00_0
55401,4_00_0
39988,6_00_0
43465,3_b3_1
15692,3_00_0
28123,3_b6_1
18464,3_b8_1
41398,5_b7_1
27482,4_00_0
49289,3_00_0
47622,3_00_0
14835,5_b6_1
42003,5_b7_1
10263,5_b6_1
21811,3_a9_1
55632,5_00_0
43620,3_00_0
52254,3_00_0
27158,3_00_0
48119,3_00_0
37257,3_a9_1
22784,5_00_0
32624,5_b8_1
22433,5_a7_2
55527,1_00_0
44059,6_00_0
24861,4_00_0
13693,4_00_0
20144,6_00_0
17006,5_a7_2
35906,3_00_0
33774,3_00_0
55895,4_00_0
51335,1_00_0
30698,1_00_0
26553,3_00_0
54259,4_00_0
27427,3_00_0
24540,1_00_0
18982,1_00_0
25018,4_00_0
37812,3_00_0
44558,6_b4_3
42345,4_00_0
43086,1_00_0
13082,6_00_0
38204,6_00_0
16005,6_00_0
34844,6_00_0
27141,1_00_0
33640,2_00_0
19797,3_00_0
53547,4_00_0
26321,3_00_0
55351,4_00_0
55065,3_a9_2
20202,4_00_0
44356,3_b7_1
16958,4_00_0
46604,1_00_0
54185,4_00_0
12841,3_b6_1
36219,3_b8_1
33590,2_00_0
52163,5_b6_1
24337,1_00_0
51686,3_b8_1
52332,5_b8_1
31713,3_00_0
55716,6_00_0
45791,3_a9_3
37378,1_00_0
10991,4_00_0
22866,3_a9_1
46562,3_b3_1
12536,3_00_0
19541,3_00_0
11045,4_00_0
47696,3_a9_1
38616,6_a12_2
55830,3_a9_2
33371,3_00_0
31731,3_00_0
19989,5_b8_1
56433,5_b6_1
18787,4_00_0
19511,3_00_0
37920,1_00_0
43412,3_b3_1
33617,6_00_0
32432,5_b6_1
45090,5_b7_1
23860,4_00_0
33595,3_00_0
44832,6_00_0
13691,5_b6_1
12446,3_00_0
11407,6_00_0
45028,3_a9_2
45523,3_00_0
45929,3_00_0
21083,4_00_0
24287,5_b7_1
44685,1_00_0
37018,1_00_0
15738,3_00_0
40993,3_b7_1
34682,3_00_0
50479,4_00_0
52342,6_b4_1
12905,1_00_0
39069,3_00_0
51738,3_00_0
52540,3_00_0
56215,1_00_0
55637,2_00_0
51609,6_00_0
15129,3_b7_1
42818,4_00_0
43529,3_00_0
14873,5_00_0
34862,3_b8_1
49290,3_a9_2
11087,3_a9_2
43765,6_00_0
33731,4_00_0
56472,5_b7_1
23433,3_b8_1
46968,6_a12_2
10908,3_00_0
15509,5_b8_1
25082,4_00_0
41078,6_00_0
12723,1_00_0
25684,6_00_0
29638,3_00_0
14623,1_00_0
18989,1_00_0
43684,3_00_0
37691,3_a9_3
12217,1_00_0
25068,2_a5_2
40314,3_00_0
39026,4_00_0
48884,3_00_0
18672,3_a9_1
21979,3_b3_1
20409,5_b7_1
55689,3_00_0
20968,1_00_0
44758,6_00_0
43113,1_00_0
48081,2_a5_2
49309,3_00_0
50402,4_00_0
32893,3_b7_1
30510,6_00_0
29904,3_00_0
23784,6_00_0
21899,3_00_0
23526,3_a9_1
26749,3_00_0
30711,1_00_0
33179,4_00_0
47057,5_a7_2
30153,1_00_0
39947,3_00_0
23645,3_00_0
22724,4_00_0
43734,3_00_0
29461,5_b7_1
44305,5_b8_1
20452,4_00_0
25817,4_00_0
41130,6_00_0
17223,6_00_0
51722,3_00_0
48052,1_00_0
24087,5_00_0
10348,3_00_0
15026,3_a9_2
15339,4_00_0
16315,3_00_0
55108,6_00_0
52753,3_a9_1
44848,4_00_0
35853,3_00_0
49494,4_00_0
36448,3_b3_1
50622,1_00_0
40851,4_00_0
47330,1_00_0
49326,3_00_0
42227,3_b7_1
37192,3_a9_1
35395,3_a9_1
50510,6_00_0
30152,6_00_0
20040,6_00_0
20364,4_00_0
29369,3_00_0
56381,3_00_0
19845,6_00_0
17681,6_00_0
47745,4_00_0
17268,4_00_0
17879,1_00_0
19699,3_b6_1
51347,6_00_0
48443,2_a5_2
42026,3_b8_1
14412,6_00_0
56219,3_b7_1
54692,3_b8_1
22582,1_00_0
49020,6_00_0
55141,4_00_0
43536,1_00_0
21469,3_a9_2
10864,4_00_0
41129,1_00_0
45071,6_00_0
37501,4_00_0
29563,5_b6_1
48669,3_00_0
43089,3_00_0
49383,4_00_0
32186,6_00_0
47111,1_00_0
37511,1_00_0
34265,6_00_0
39572,3_b3_1
25674,3_b6_1
55123,4_00_0
55649,3_00_0
35173,6_b5_1
40706,3_00_0
35516,6_b5_1
46167,4_00_0
33205,3_00_0
34684,5_b8_1
19501,5_b7_1
50651,5_00_0
18751,3_b8_1
29407,1_00_0
47114,6_00_0
52613,2_a5_2
31611,5_a7_2
20042,3_00_0
33978,3_b6_1
47788,3_00_0
25085,1_00_0
24748,6_a12_2
13444,5_b6_1
21440,3_00_0
26108,5_b7_1
42217,5_b7_1
28561,3_a9_2
41014,1_00_0
54450,6_00_0
16213,1_00_0
54714,1_00_0
49012,3_00_0
31769,2_00_0
27105,3_00_0
53217,3_a9_3
30964,6_00_0
47410,4_00_0
10304,3_00_0
16709,3_a9_1
31334,1_00_0
46627,3_a9_3
53159,2_a5_2
26798,4_00_0
18064,5_a7_2
48887,3_00_0
12085,3_b6_1
34129,4_00_0
21076,2_00_0
12519,6_00_0
35916,5_b8_1
30642,3_b6_1
54393,3_00_0
52758,3_a9_1
20430,1_00_0
18848,3_00_0
45141,5_b6_1
12834,1_00_0
27714,3_00_0
16752,6_00_0
35940,3_00_0
19634,3_a9_1
33828,3_00_0
23005,1_00_0
15909,1_00_0
27321,3_b6_1
55055,3_00_0
28264,4_00_0
22315,4_00_0
31251,3_b7_1
26552,6_00_0
56238,3_00_0
48187,4_00_0
31723,3_00_0
15416,4_00_0
40381,3_b7_1
51962,1_00_0
36751,1_00_0
19016,3_00_0
19011,3_00_0
17428,3_b3_1
49705,3_b7_1
55756,3_b7_1
53945,3_00_0
51380,6_00_0
42142,3_b6_1
17446,6_00_0
32917,3_b8_1
33218,5_b7_1
22220,4_00_0
15554,5_b8_1
28269,1_00_0
43498,3_a9_1
38058,5_b7_1
54490,6_00_0
44713,1_00_0
34972,6_a11_1
32401,2_00_0
50580,6_a11_1
41881,4_00_0
27260,4_00_0
10764,3_b6_1
51532,3_00_0
16402,3_a9_2
33637,3_00_0
23955,3_00_0
29116,3_00_0
14148,3_00_0
51443,3_b6_1
46500,3_00_0
56108,6_00_0
15676,3_00_0
38906,3_00_0
20664,1_00_0
50570,3_b8_1
18697,3_00_0
49040,3_b8_1
27345,5_a7_2
23415,3_00_0
14568,3_00_0
44174,4_00_0
31873,3_b3_1
26784,4_00_0
45840,3_b6_1
46611,1_00_0
29910,3_b7_1
31982,3_00_0
10826,3_00_0
11936,6_00_0
52647,3_00_0
49745,1_00_0
10879,3_00_0
19777,6_00_0
37953,4_00_0
55547,6_00_0
30473,5_b8_1
34128,3_00_0
24107,6_00_0
27745,1_00_0
19574,3_b6_1
13848,3_00_0
24958,4_00_0
23881,3_a9_2
56174,4_00_0
22217,4_00_0
30867,6_00_0
31467,3_a9_1
50952,3_b3_1
50101,4_00_0
30027,4_00_0
56629,3_00_0
45120,6_00_0
21388,4_00_0
10505,3_a9_1
31610,3_b7_1
54817,5_b7_1
11193,1_00_0
44632,2_00_0
31322,3_b3_1
13667,1_00_0
43745,6_00_0
25332,5_b6_1
53740,1_00_0
45103,1_00_0
15633,3_b3_1
47619,4_00_0
51482,3_b3_1
43929,6_a12_2
29648,3_b6_1
24717,1_00_0
20249,3_b7_1
17575,1_00_0
13679,6_a12_2
34214,2_a5_2
33930,2_a5_2
21348,6_00_0
42916,3_b6_1
48490,1_00_0
54605,5_b8_1
52334,6_00_0
51966,3_b8_1
11995,1_00_0
29656,1_00_0
29639,3_00_0
17310,3_00_0
25183,5_00_0
49195,5_b6_1
11198,3_a9_1
26382,4_00_0
29438,4_00_0
30760,6_00_0
39525,4_00_0
16626,4_00_0
11242,3_b8_1
20609,3_00_0
37413,3_00_0
39304,2_00_0
29854,3_a9_2
24706,1_00_0
32141,3_00_0
53563,3_00_0
46271,6_00_0
30536,3_b6_1
48845,6_00_0
14248,1_00_0
16872,3_a9_3
10519,2_00_0
44338,1_00_0
22924,3_00_0
46155,3_b7_1
42989,6_a11_1
47234,4_00_0
35330,4_00_0
26753,1_00_0
18726,4_00_0
40387,1_00_0
48798,6_00_0
41519,3_00_0
48774,3_b6_1
15914,5_b7_1
45760,3_00_0
47916,3_00_0
22816,3_00_0
23898,4_00_0
19758,3_b8_1
39506,6_b5_1
26622,4_00_0
37897,3_00_0
29058,4_00_0
24207,4_00_0
56611,2_a5_2
21571,6_a11_1
13033,4_00_0
38162,3_00_0
18804,1_00_0
26446,3_a9_1
38021,4_00_0
11804,3_00_0
41596,4_00_0
16587,2_a5_2
45712,5_b8_1
43050,3_00_0
22742,6_a11_1
30751,4_00_0
56340,3_a9_2
48627,1_00_0
37937,3_00_0
37029,3_b7_1
20695,3_00_0
28506,1_00_0
44968,6_00_0
34133,3_a9_3
52866,3_a9_1
27870,1_00_0
41639,1_00_0
22752,4_00_0
15273,5_b8_1
15742,3_b6_1
55659,5_b6_1
27137,1_00_0
20041,6_00_0
41557,3_00_0
46455,6_00_0
35118,6_00_0
39770,2_a5_2
27818,3_00_0
30247,2_a5_2
43020,4_00_0
48587,1_00_0
35880,6_00_0
47179,4_00_0
25386,4_00_0
36975,5_b7_1
40045,3_b7_1
33283,1_00_0
54632,3_00_0
48840,3_00_0
47959,1_00_0
31953,3_a9_1
54804,4_00_0
43778,4_00_0
28184,3_00_0
33426,6_00_0
13986,3_00_0
29695,1_00_0
34125,6_00_0
30948,4_00_0
16568,4_00_0
37149,6_00_0
42066,6_00_0
33707,3_b6_1
33322,3_00_0
46234,1_00_0
19081,5_a7_2
55479,2_00_0
16112,2_00_0
19452,3_00_0
33859,3_00_0
50537,3_00_0
38547,6_00_0
22262,3_b7_1
50164,3_b6_1
44672,3_00_0
23042,6_00_0
24518,2_00_0
49577,1_00_0
22572,3_00_0
34504,6_00_0
37680,5_b8_1
30485,3_00_0
39858,3_00_0
53009,1_00_0
15663,3_a9_1
41680,4_00_0
10847,1_00_0
50940,3_b8_1
39697,4_00_0
15873,3_00_0
50785,5_b8_1
41312,3_b6_1
39904,5_b7_1
36105,4_00_0
50567,3_00_0
13056,3_00_0
49268,3_b6_1
37684,3_a9_2
34147,3_00_0
46855,3_b3_1
43295,5_00_0
23843,2_00_0
21597,1_00_0
38524,6_b5_1
20384,1_00_0
32897,2_00_0
15905,3_00_0
40049,6_00_0
52761,6_00_0
52088,6_00_0
20187,1_00_0
33328,5_b6_1
11724,6_00_0
24616,6_00_0
47175,3_00_0
23863,6_a12_2
25644,5_b8_1
12455,1_00_0
20837,4_00_0
13143,6_00_0
27586,4_00_0
38560,3_a9_1
17326,3_00_0
16764,6_00_0
35833,3_a9_3
15866,4_00_0
53044,3_00_0
36015,6_00_0
20779,2_00_0
56152,6_00_0
56544,3_00_0
13521,5_b7_1
43901,6_00_0
22069,5_b8_1
53231,4_00_0
28002,2_00_0
43823,5_b8_1
35478,5_b6_1
33366,1_00_0
33827,4_00_0
32022,3_00_0
26781,2_00_0
12576,3_00_0
13196,3_00_0
12344,5_a7_2
37619,6_00_0
22042,5_b6_1
21615,1_00_0
44019,4_00_0
36525,3_b7_1
51525,5_b7_1
32771,3_b8_1
56017,4_00_0
48525,6_00_0
36649,2_a5_2
12734,4_00_0
48437,5_b6_1
31679,6_00_0
47327,4_00_0
53919,4_00_0
35386,2_00_0
11864,3_b7_1
21638,3_00_0
22997,1_00_0
56396,3_b8_1
33039,4_00_0
27013,2_a5_2
17989,3_00_0
18961,4_00_0
23472,4_00_0
25721,5_a7_2
27174,3_00_0
41209,2_00_0
43252,6_b4_3
35773,3_a9_1
11314,5_a7_2
23476,4_00_0
26816,3_a9_1
44944,3_a9_3
36909,1_00_0
53492,1_00_0
51634,3_00_0
30336,3_00_0
10299,4_00_0
32459,3_00_0
54097,3_00_0
29956,6_00_0
15765,1_00_0
19906,3_b7_1
24465,3_00_0
13203,5_b8_1
53773,3_b3_1
31595,6_00_0
44522,6_00_0
43767,5_b8_1
39071,4_00_0
26413,3_b3_1
26736,3_00_0
17187,5_b6_1
34013,5_b8_1
31148,6_00_0
55474,3_b7_1
35019,3_b6_1
34031,3_b6_1
15512,6_00_0
36434,6_00_0
12422,6_00_0
50072,3_00_0
48782,1_00_0
34942,3_00_0
26760,2_a5_2
41903,3_b3_1
43755,6_00_0
55155,6_00_0
44490,4_00_0
39355,3_a9_2
20213,1_00_0
24624,6_00_0
13167,4_00_0
52582,1_00_0
50218,3_00_0
30794,4_00_0
30028,6_00_0
52355,5_b7_1
50595,1_00_0
19048,4_00_0
50506,4_00_0
28567,3_00_0
30429,3_00_0
54766,3_00_0
32785,5_00_0
19235,3_00_0
12696,3_00_0
31553,3_00_0
52800,2_a5_2
18867,6_00_0
36057,3_00_0
53349,3_00_0
49245,5_00_0
17261,4_00_0
50382,6_00_0
15132,3_b6_1
23031,6_00_0
16947,5_b6_1
32180,3_b8_1
24534,3_b6_1
24129,3_b7_1
30231,5_b8_1
41575,3_a9_1
44135,6_00_0
22794,4_00_0
10027,3_b7_1
25159,3_00_0
16606,3_b7_1
53045,6_00_0
16523,5_b6_1
55710,1_00_0
28331,4_00_0
22086,6_00_0
35447,4_00_0
17067,1_00_0
43077,4_00_0
41556,4_00_0
51461,6_00_0
47742,1_00_0
29040,4_00_0
32902,3_00_0
29969,2_00_0
33662,2_a5_2
47215,6_00_0
42967,3_00_0
23604,4_00_0
55748,3_00_0
28183,1_00_0
21952,4_00_0
23580,5_b6_1
30255,5_a7_2
40717,3_b3_1
20196,3_b7_1
22765,3_b7_1
40967,1_00_0
47138,3_00_0
27076,3_00_0
51253,6_00_0
39439,1_00_0
15019,6_00_0
42606,3_00_0
44970,3_00_0
39764,6_00_0
24443,4_00_0
34807,1_00_0
39044,4_00_0
31243,1_00_0
19288,4_00_0
40179,1_00_0
43848,3_a9_2
46865,1_00_0
45476,2_a5_2
50229,1_00_0
40131,1_00_0
46645,6_00_0
55626,3_b6_1
41168,3_00_0
18145,4_00_0
37058,6_00_0
28545,3_00_0
41452,3_00_0
10063,3_00_0
43214,3_00_0
19722,3_b3_1
17324,3_b3_1
21419,1_00_0
25189,6_a11_1
44479,4_00_0
15586,6_00_0
29114,6_00_0
42787,1_00_0
54860,6_00_0
28326,4_00_0
27844,5_b6_1
55730,3_b3_1
17902,3_b3_1
38941,3_b3_1
17341,6_00_0
29906,6_00_0
56336,3_a9_1
54540,3_00_0
43712,3_b8_1
13252,3_b7_1
28120,1_00_0
34155,1_00_0
22098,3_00_0
36398,1_00_0
32084,4_00_0
47596,3_00_0
19580,1_00_0
50957,1_00_0
54515,3_b7_1
44525,3_00_0
41445,3_00_0
35269,1_00_0
14649,1_00_0
29311,5_b6_1
42120,2_00_0
29954,6_00_0
16678,3_00_0
32363,3_00_0
49770,4_00_0
49549,1_00_0
38171,3_00_0
52491,3_b8_1
14529,4_00_0
45415,1_00_0
55539,1_00_0
24229,3_00_0
44688,3_a9_3
22060,3_b3_1
40350,6_00_0
32499,2_a5_2
29809,5_b8_1
27594,3_b7_1
40582,5_b7_1
39251,5_b6_1
52618,4_00_0
17368,1_00_0
14722,4_00_0
20120,3_b7_1
23767,4_00_0
46303,4_00_0
12283,3_00_0
19405,4_00_0
47552,3_00_0
16108,5_b6_1
54419,6_00_0
32044,3_00_0
34737,4_00_0
48671,3_00_0
47995,5_b7_1
34872,5_b8_1
55507,3_b3_1
39986,3_00_0
49632,3_00_0
50903,4_00_0
16266,4_00_0
18418,3_a9_1
17017,3_00_0
31502,6_00_0
32839,1_00_0
22090,3_b7_1
13998,4_00_0
22926,4_00_0
13210,3_b8_1
19165,4_00_0
20095,6_00_0
42075,3_00_0
18591,4_00_0
26978,1_00_0
35859,5_a7_2
30242,4_00_0
41625,2_00_0
24936,2_a5_2
49588,6_00_0
39893,5_b8_1
29989,6_00_0
28489,4_00_0
28780,4_00_0
56330,1_00_0
25782,3_00_0
15843,3_00_0
28748,4_00_0
35385,3_00_0
31438,6_00_0
12817,6_00_0
31691,6_b5_1
11648,1_00_0
47731,3_b3_1
29971,5_b8_1
32241,3_00_0
52066,4_00_0
49359,6_00_0
30310,3_00_0
56123,3_b3_1
17117,1_00_0
44828,3_b3_1
48672,6_00_0
16076,5_a7_2
45969,6_00_0
18711,4_00_0
55044,3_00_0
22993,1_00_0
25487,3_a9_2
23602,6_00_0
45131,6_00_0
11333,3_b3_1
54772,4_00_0
31069,1_00_0
45240,6_00_0
48462,1_00_0
42947,3_00_0
43943,3_00_0
45893,4_00_0
18450,4_00_0
36675,4_00_0
45477,3_00_0
15598,4_00_0
45046,3_b7_1
52446,4_00_0
36417,3_00_0
41092,3_a9_1
35464,3_00_0
32502,4_00_0
11798,1_00_0
32860,3_b8_1
24561,3_00_0
41123,4_00_0
38456,3_00_0
52934,2_00_0
55493,3_00_0
56636,2_a5_2
27021,5_b7_1
26377,3_00_0
33537,6_00_0
55335,5_b8_1
12655,5_b6_1
30931,5_b8_1
37220,6_00_0
17061,3_00_0
14163,3_00_0
31063,3_a9_1
24678,4_00_0
35855,1_00_0
24360,3_00_0
17487,3_b8_1
53803,3_a9_2
52156,6_00_0
46942,1_00_0
49146,3_a9_1
49059,6_00_0
18575,3_00_0
49393,6_00_0
55847,3_b6_1
53475,4_00_0
24440,4_00_0
27990,1_00_0
17714,5_b7_1
17328,3_00_0
38623,3_00_0
43925,5_b7_1
37944,3_00_0
51699,3_00_0
29893,1_00_0
38943,3_a9_2
46147,5_b8_1
10649,5_b6_1
22598,1_00_0
38723,1_00_0
11350,5_b7_1
53973,2_a5_2
50521,3_00_0
55564,6_00_0
21867,4_00_0
24753,4_00_0
14876,1_00_0
21922,3_00_0
26202,6_00_0
44455,3_00_0
31206,6_00_0
43747,6_00_0
32336,4_00_0
15176,2_a5_2
11492,5_b8_1
56207,5_b7_1
31911,3_b3_1
53896,4_00_0
27320,3_00_0
18525,3_b8_1
13719,3_b8_1
13183,4_00_0
40596,2_a5_2
56081,5_b7_1
33378,3_b7_1
48349,3_00_0
54851,1_00_0
53372,3_00_0
36357,5_b7_1
53735,5_b8_1
19938,1_00_0
46501,6_00_0
29480,2_00_0
18009,1_00_0
46170,4_00_0
21260,1_00_0
26545,3_b7_1
28061,1_00_0
19619,3_00_0
38249,3_00_0
55327,1_00_0
51037,3_00_0
41786,4_00_0
28995,1_00_0
45452,4_00_0
42213,2_00_0
27831,3_00_0
23073,4_00_0
15368,3_b6_1
50742,3_b6_1
47956,3_b6_1
55652,3_b8_1
14669,3_00_0
55135,3_00_0
22726,3_00_0
42791,3_a9_1
44526,3_a9_2
16298,4_00_0
14841,1_00_0
36681,3_b3_1
24903,1_00_0
41354,4_00_0
26234,6_00_0
48666,2_00_0
15718,1_00_0
29687,3_00_0
41534,4_00_0
37236,6_00_0
40986,5_00_0
32727,3_b7_1
53748,5_00_0
50003,3_00_0
44448,5_b7_1
36474,6_00_0
25796,3_a9_1
33433,5_a7_2
18788,6_00_0
48654,6_00_0
53119,6_00_0
35903,3_00_0
48531,6_a12_2
44644,4_00_0
26185,3_00_0
14247,6_00_0
52682,6_00_0
13069,3_00_0
24633,4_00_0
53006,3_00_0
35475,6_00_0
23798,4_00_0
44118,2_a5_2
33478,3_a9_3
27945,3_a9_1
15362,4_00_0
23539,6_00_0
27528,5_b7_1
37415,3_b8_1
12240,3_00_0
38882,3_b6_1
56705,4_00_0
45855,3_a9_2
25770,5_b7_1
13231,4_00_0
52826,5_b8_1
22441,4_00_0
44980,6_00_0
15245,1_00_0
45002,3_00_0
55844,3_00_0
36541,4_00_0
11122,1_00_0
30040,3_00_0
41547,6_00_0
27801,3_00_0
34436,4_00_0
13698,3_b8_1
23062,4_00_0
22964,4_00_0
10117,4_00_0
55958,4_00_0
50920,1_00_0
38625,3_a9_1
46824,1_00_0
37727,6_00_0
37575,6_a11_2
27029,3_b8_1
49018,3_00_0
18248,3_b7_1
51810,5_b6_1
43665,4_00_0
22860,3_00_0
45310,1_00_0
47624,1_00_0
15769,4_00_0
44738,3_00_0
54119,6_b5_1
51124,4_00_0
44528,5_b7_1
14314,3_00_0
11107,3_b7_1
44425,6_b4_3
10817,4_00_0
14324,3_b7_1
48863,3_00_0
21037,3_00_0
45375,3_b6_1
54448,3_b3_1
32035,6_00_0
13054,6_b4_3
20431,1_00_0
20629,3_00_0
48038,3_a9_1
11138,2_a5_2
22200,5_b6_1
45146,3_a9_1
11050,3_00_0
56264,6_00_0
36767,5_b7_1
17573,5_b7_1
16737,4_00_0
37760,5_00_0
55130,6_00_0
34480,3_00_0
15967,3_00_0
51799,3_a9_1
15521,3_00_0
37658,1_00_0
14975,3_a9_2
15978,1_00_0
28569,3_00_0
14438,3_00_0
26188,3_00_0
42580,6_b5_1
30099,1_00_0
44293,1_00_0
22207,2_a5_2
14164,6_00_0
38360,4_00_0
35379,3_00_0
30478,1_00_0
31754,3_b8_1
51306,3_00_0
51256,4_00_0
51518,6_00_0
38887,4_00_0
13193,3_00_0
31744,4_00_0
10950,1_00_0
25099,6_00_0
27951,6_00_0
25051,1_00_0
40490,6_00_0
48556,3_b6_1
54240,6_00_0
14468,4_00_0
49388,1_00_0
38501,4_00_0
25506,3_00_0
48303,1_00_0
27323,4_00_0
25702,1_00_0
36978,4_00_0
40828,4_00_0
12797,6_00_0
31955,2_00_0
19645,1_00_0
24052,3_00_0
28393,5_00_0
50269,5_b7_1
31756,1_00_0
43605,4_00_0
40404,5_b8_1
29026,4_00_0
39643,3_b8_1
44221,3_b6_1
26954,3_00_0
40521,3_00_0
20946,3_00_0
46859,3_a9_2
32249,6_00_0
14814,6_a12_2
56435,3_00_0
21298,3_00_0
21068,1_00_0
50641,1_00_0
56537,2_a5_2
43076,4_00_0
11482,3_00_0
13614,3_b7_1
20188,2_a5_2
11558,3_00_0
32213,3_00_0
23417,3_00_0
22709,3_00_0
13338,1_00_0
24663,3_00_0
44725,1_00_0
10706,3_a9_1
45792,3_b6_1
49179,3_00_0
23426,3_a9_3
25876,5_a7_2
22821,6_00_0
55700,4_00_0
50865,4_00_0
27686,2_a5_2
20708,3_00_0
24820,4_00_0
13217,4_00_0
28801,6_00_0
28718,6_00_0
24436,1_00_0
37068,3_00_0
20589,4_00_0
50138,2_a5_2
33898,4_00_0
10612,6_00_0
35587,6_00_0
27073,3_a9_1
38423,3_b7_1
14723,6_00_0
38535,6_00_0
11523,3_a9_1
16075,6_00_0
20523,3_b6_1
43365,4_00_0
56027,6_00_0
15097,3_00_0
16531,4_00_0
21506,5_b8_1
17232,6_00_0
21785,5_b8_1
24481,3_00_0
40945,3_b6_1
29155,5_b8_1
37923,4_00_0
14017,4_00_0
14968,6_b4_1
41695,5_b7_1
48267,3_00_0
26684,1_00_0
12285,4_00_0
10462,3_a9_2
35119,6_00_0
49175,5_b8_1
11673,3_00_0
28447,3_00_0
13599,6_00_0
48457,6_00_0
16759,4_00_0
27464,3_b7_1
54265,3_b8_1
29100,6_00_0
40365,3_00_0
12158,3_b6_1
56256,4_00_0
56180,6_00_0
26944,3_b3_1
33049,3_00_0
25225,3_00_0
31708,5_b6_1
44353,1_00_0
31388,4_00_0
21537,3_a9_3
14369,3_b6_1
15993,3_00_0
39938,1_00_0
28332,3_00_0
38781,3_00_0
13061,5_b7_1
17051,3_b8_1
49786,3_00_0
38146,6_00_0
26538,1_00_0
11526,5_b8_1
56139,3_b7_1
19527,3_00_0
28674,1_00_0
55450,4_00_0
52496,5_b6_1
28390,3_b3_1
43157,3_a9_1
44837,3_a9_2
35089,6_00_0
20011,5_b7_1
53025,6_00_0
50666,3_00_0
34005,5_a7_2
47255,4_00_0
36777,1_00_0
16643,3_b6_1
15141,4_00_0
15846,4_00_0
17627,5_b7_1
25606,3_b6_1
15328,1_00_0
42779,3_a9_2
53758,1_00_0
16225,6_00_0
46073,3_00_0
28740,2_00_0
23927,3_00_0
32937,6_00_0
18391,3_a9_1
11921,5_b6_1
20643,4_00_0
44561,5_b8_1
21250,4_00_0
36920,3_b8_1
24957,3_b8_1
25670,1_00_0
36792,3_b3_1
33807,5_b8_1
28368,1_00_0
39085,6_00_0
10549,5_a7_2
45938,3_a9_1
18646,6_00_0
19862,2_00_0
39445,3_00_0
53508,1_00_0
10090,3_b7_1
14353,1_00_0
45510,5_00_0
40904,6_00_0
19120,6_00_0
19111,1_00_0
33518,1_00_0
52364,3_a9_2
29693,1_00_0
19682,6_00_0
30042,3_00_0
53322,6_00_0
27536,4_00_0
42788,3_a9_3
36837,1_00_0
50660,4_00_0
41310,3_00_0
10037,3_00_0
25565,4_00_0
20225,2_00_0
31902,1_00_0
47909,3_00_0
14780,5_b7_1
22514,6_00_0
15381,6_00_0
49162,2_00_0
29767,5_b8_1
48998,3_b3_1
47116,4_00_0
28921,2_a5_2
17835,5_00_0
19905,3_b8_1
25040,5_a7_2
11777,3_b3_1
40223,6_00_0
14268,3_00_0
49346,4_00_0
33343,6_00_0
13993,1_00_0
28340,4_00_0
38637,3_00_0
47012,6_00_0
27195,3_a9_1
22773,6_00_0
11770,3_a9_3
38925,3_00_0
37169,1_00_0
40768,3_b6_1
13492,3_a9_2
20071,3_b3_1
11997,3_00_0
12982,3_a9_3
37806,3_00_0
26384,1_00_0
15497,6_00_0
46878,3_00_0
33846,4_00_0
37880,2_00_0
56588,6_00_0
22187,3_a9_1
33068,5_a7_2
53506,4_00_0
36093,6_a11_1
36341,2_a5_2
39257,3_a9_1
19242,5_a7_2
23659,3_a9_2
41923,4_00_0
46024,4_00_0
39208,3_b6_1
24804,3_00_0
11931,5_b6_1
11438,4_00_0
32706,1_00_0
26923,6_00_0
18733,5_b7_1
54797,3_00_0
19163,3_a9_3
35695,3_b7_1
31760,5_00_0
42164,3_00_0
11400,6_00_0
33689,6_00_0
23651,6_00_0
33441,4_00_0
21313,1_00_0
19303,6_00_0
24887,3_b8_1
22285,6_00_0
19167,2_00_0
47278,3_00_0
45611,4_00_0
37093,4_00_0
51223,4_00_0
35179,1_00_0
29347,5_b7_1
19019,1_00_0
19403,1_00_0
45174,5_b7_1
26898,3_b3_1
53916,6_00_0
35345,5_b6_1
19558,1_00_0
33680,3_00_0
19563,3_a9_2
22707,6_00_0
56648,3_00_0
49623,6_00_0
41857,4_00_0
21251,6_00_0
18891,5_b7_1
29577,2_00_0
31161,3_a9_2
43528,4_00_0
17401,3_00_0
13726,4_00_0
56426,6_00_0
32791,1_00_0
16152,3_00_0
17188,3_00_0
17080,1_00_0
21174,3_00_0
17160,1_00_0
22480,4_00_0
45767,3_b3_1
49926,5_b6_1
17251,3_00_0
32463,1_00_0
27814,1_00_0
34047,3_b6_1
17752,4_00_0
34188,3_b7_1
31261,2_a5_2
28275,1_00_0
22576,4_00_0
35425,1_00_0
15267,4_00_0
39412,4_00_0
11159,3_b7_1
45719,3_b3_1
13761,2_a5_2
43917,6_00_0
16556,6_00_0
21335,3_00_0
30283,2_00_0
52188,3_00_0
17126,6_00_0
22776,1_00_0
14518,3_b8_1
24169,5_b8_1
49964,4_00_0
11498,1_00_0
32465,3_00_0
41778,3_b3_1
53504,4_00_0
53618,1_00_0
15716,6_a12_2
39671,1_00_0
53852,3_a9_1
20206,2_a5_2
12827,3_b7_1
12842,1_00_0
48392,5_b8_1
53310,3_b8_1
16045,4_00_0
25910,6_00_0
34425,1_00_0
53820,4_00_0
25526,2_00_0
48340,1_00_0
13186,2_00_0
32089,5_b6_1
11443,3_00_0
35174,3_b6_1
53350,3_00_0
27476,1_00_0
11221,3_00_0
48085,6_b5_1
14273,1_00_0
22631,5_b7_1
32522,3_a9_1
56053,3_00_0
37820,1_00_0
26875,4_00_0
43348,3_b6_1
29851,4_00_0
48899,3_00_0
34775,3_a9_2
29513,6_00_0
53751,5_b7_1
30075,6_00_0
34341,4_00_0
34450,4_00_0
18302,3_b3_1
18017,6_00_0
49989,6_00_0
15709,6_00_0
38344,1_00_0
38879,3_00_0
50608,2_00_0
49666,3_a9_1
12239,3_b8_1
24751,4_00_0
16105,3_00_0
51637,4_00_0
17638,1_00_0
38939,3_00_0
12838,4_00_0
48208,4_00_0
29120,4_00_0
42151,3_00_0
32737,3_00_0
37765,6_00_0
31962,3_b8_1
40771,5_a7_2
29915,3_00_0
47595,1_00_0
10653,1_00_0
40787,3_00_0
19503,3_a9_1
46873,6_a11_1
13709,3_00_0
14291,3_00_0
34491,6_a12_2
56176,3_00_0
26151,3_00_0
22415,3_b3_1
15575,3_00_0
13041,6_00_0
55039,5_b7_1
28745,3_00_0
53936,4_00_0
35838,2_00_0
50398,3_a9_2
13364,4_00_0
46832,3_00_0
12148,4_00_0
13109,3_00_0
23071,6_00_0
32827,4_00_0
55264,6_00_0
30544,2_a5_2
20298,4_00_0
48679,3_b7_1
20721,3_00_0
20422,3_b8_1
41037,1_00_0
55179,5_a7_2
18480,3_00_0
13034,6_00_0
43133,3_00_0
49119,4_00_0
19103,6_00_0
27591,3_00_0
24372,6_00_0
28322,3_00_0
16512,1_00_0
27442,1_00_0
23249,3_00_0
53871,4_00_0
55796,4_00_0
25417,1_00_0
28330,4_00_0
49943,1_00_0
25807,5_b8_1
17944,3_00_0
34508,3_00_0
17316,3_00_0
49563,1_00_0
27231,3_b3_1
23362,4_00_0
34780,6_a12_2
24736,3_b7_1
31998,2_a5_2
26464,5_b7_1
11119,2_00_0
54158,4_00_0
44550,5_b8_1
20291,2_00_0
18755,3_00_0
33043,3_b8_1
10922,4_00_0
48985,3_b7_1
21655,3_00_0
53736,6_a11_1
53560,3_a9_1
12055,1_00_0
34284,4_00_0
51363,6_00_0
53984,3_a9_3
11321,1_00_0
22634,6_00_0
33886,5_00_0
32349,3_00_0
32653,4_00_0
43813,6_00_0
45190,3_a9_2
53291,3_a9_1
52256,4_00_0
43045,3_00_0
31172,3_00_0
13532,1_00_0
40971,1_00_0
51704,3_b8_1
54037,1_00_0
14545,6_a12_2
11225,2_a5_2
22004,3_00_0
42871,6_00_0
20199,2_00_0
17842,3_00_0
22008,5_a7_2
42775,4_00_0
52802,2_a5_2
46348,5_b8_1
22908,3_b8_1
21120,6_00_0
12727,3_b3_1
36504,3_00_0
50704,3_b8_1
40053,1_00_0
50478,4_00_0
40422,1_00_0
18343,5_00_0
37530,3_00_0
18683,5_b7_1
11261,3_b7_1
42797,5_b7_1
31849,3_a9_1
11148,3_00_0
36387,3_a9_1
27507,1_00_0
20048,2_a5_2
46749,6_00_0
37822,6_00_0
25028,6_00_0
22228,4_00_0
39765,3_00_0
43044,1_00_0
17918,3_a9_2
39870,3_b3_1
33234,4_00_0
16983,3_b7_1
20714,4_00_0
16757,1_00_0
48900,4_00_0
25857,6_00_0
27773,6_00_0
29927,3_00_0
39545,6_b4_3
24383,6_00_0
26951,3_00_0
11358,3_b3_1
45422,4_00_0
35914,5_b6_1
29899,1_00_0
30404,6_b4_1
43527,4_00_0
13644,3_a9_2
55914,5_a7_2
24677,3_00_0
16125,3_b6_1
53770,3_00_0
54904,4_00_0
19755,6_b4_1
34294,3_00_0
14772,1_00_0
12389,3_00_0
14812,4_00_0
19899,6_00_0
36883,1_00_0
18119,1_00_0
56320,3_00_0
36788,3_b3_1
42360,4_00_0
15435,6_00_0
28629,5_b6_1
14966,2_00_0
19262,5_b7_1
38801,2_00_0
46386,4_00_0
31980,6_00_0
24189,3_b8_1
23729,2_a5_2
48097,3_00_0
43454,4_00_0
15802,3_00_0
28649,5_a7_2
27743,3_00_0
10251,3_b8_1
47063,3_b6_1
48700,4_00_0
35359,3_b8_1
46346,5_b6_1
34672,3_b8_1
36876,6_00_0
48620,2_a5_2
40358,6_00_0
35809,5_b7_1
28829,4_00_0
15014,2_00_0
49454,5_a7_2
38872,6_00_0
54510,6_00_0
11942,4_00_0
50572,2_a5_2
52916,6_00_0
44129,1_00_0
23771,1_00_0
30051,6_00_0
31500,1_00_0
26209,1_00_0
38074,5_b8_1
43223,1_00_0
37410,3_b7_1
18619,6_00_0
32811,3_00_0
37786,6_00_0
47862,6_00_0
49954,3_00_0
23212,3_a9_3
48071,3_00_0
11364,4_00_0
50805,3_a9_3
43497,2_a5_2
48595,2_00_0
13356,5_00_0
47808,4_00_0
51652,1_00_0
20283,4_00_0
28981,3_00_0
37246,2_00_0
44320,6_00_0
12748,6_00_0
14879,3_00_0
13885,3_b7_1
31478,3_b3_1
16603,3_b8_1
53354,5_b8_1
54962,5_a7_2
30568,6_00_0
39475,6_00_0
32926,3_b3_1
24095,6_00_0
24426,3_00_0
26120,1_00_0
24899,3_00_0
29594,1_00_0
44375,3_00_0
11977,1_00_0
43251,3_00_0
27837,4_00_0
18798,3_b7_1
11537,6_00_0
12173,6_00_0
43224,3_b6_1
20181,6_a12_2
10945,6_00_0
20687,4_00_0
30610,5_00_0
31101,3_00_0
37971,5_b8_1
28091,6_00_0
18601,6_00_0
31976,1_00_0
32391,3_00_0
53801,3_a9_1
32712,3_b7_1
25948,3_b6_1
28237,1_00_0
16866,1_00_0
35982,4_00_0
13818,1_00_0
46448,3_00_0
47013,3_00_0
32302,1_00_0
47581,6_00_0
36732,6_00_0
41860,1_00_0
20524,4_00_0
24285,6_00_0
54096,2_00_0
46701,5_a7_2
50579,4_00_0
19371,6_00_0
49192,3_00_0
10442,2_a5_2
37566,4_00_0
15236,3_a9_1
29119,4_00_0
19519,3_b3_1
33142,3_a9_2
48400,5_b6_1
30448,6_00_0
40176,6_00_0
24864,3_00_0
15486,4_00_0
31093,6_00_0
50695,4_00_0
52093,4_00_0
23886,6_00_0
23325,4_00_0
31130,3_b8_1
38148,4_00_0
25019,3_a9_2
19496,3_00_0
33799,1_00_0
35195,3_00_0
40069,4_00_0
29943,3_a9_1
22847,6_00_0
42143,3_00_0
44443,1_00_0
30947,6_00_0
31914,2_a5_2
30368,6_00_0
42401,5_b8_1
37893,4_00_0
50611,1_00_0
38000,3_00_0
19356,6_00_0
50615,5_b7_1
43779,1_00_0
13249,3_b7_1
18408,6_b5_1
20128,5_b8_1
52249,3_00_0
10115,3_00_0
26300,3_b3_1
22206,4_00_0
28182,5_a7_2
36466,2_a5_2
55560,5_00_0
45857,5_b6_1
26019,6_00_0
14405,4_00_0
31613,4_00_0
37817,4_00_0
16291,3_00_0
55870,3_a9_1
51428,4_00_0
51541,3_b6_1
44001,6_00_0
48581,3_00_0
17962,2_00_0
18621,2_a5_2
11715,3_b7_1
20089,4_00_0
44760,5_b6_1
37585,1_00_0
30646,1_00_0
23491,3_00_0
54669,3_b8_1
38618,3_b6_1
11945,3_b6_1
45781,3_00_0
42382,3_00_0
32187,3_00_0
29282,2_a5_2
19794,3_b3_1
41807,5_a7_2
34283,3_00_0
51905,1_00_0
31444,1_00_0
27472,3_00_0
52470,2_a5_2
16234,4_00_0
48328,4_00_0
55025,1_00_0
18897,6_00_0
23443,1_00_0
43567,1_00_0
36990,5_b8_1
24795,1_00_0
29528,5_b7_1
45597,4_00_0
13861,4_00_0
29760,3_00_0
41304,3_b3_1
43231,4_00_0
14107,5_a7_2
37506,3_a9_2
10733,3_00_0
51056,4_00_0
17917,3_00_0
24373,6_00_0
16267,6_b5_1
38469,4_00_0
37377,3_00_0
47160,6_00_0
12152,3_00_0
11134,6_00_0
46914,5_b7_1
31886,1_00_0
16776,3_00_0
11335,1_00_0
56418,1_00_0
25168,3_b8_1
30303,3_a9_1
22999,5_b8_1
15503,3_00_0
18718,4_00_0
16767,3_b8_1
26237,2_a5_2
49589,6_00_0
20195,6_00_0
27800,6_00_0
27629,1_00_0
34995,1_00_0
33871,1_00_0
37178,3_a9_2
56324,3_00_0
48252,1_00_0
36167,5_00_0
25177,3_00_0
46961,2_a5_2
25437,5_a7_2
23240,5_00_0
25800,2_00_0
25279,3_a9_2
56575,6_b5_1
15776,2_a5_2
47741,1_00_0
23428,4_00_0
48971,3_00_0
17592,3_00_0
36522,3_a9_2
18741,4_00_0
46985,4_00_0
48895,3_00_0
43460,5_b6_1
23358,3_00_0
38019,4_00_0
52085,6_00_0
17420,3_00_0
21880,6_00_0
20495,3_b6_1
19455,3_a9_1
38466,1_00_0
29696,2_a5_2
35008,5_b6_1
54581,3_b7_1
15384,4_00_0
20563,6_00_0
50456,1_00_0
52222,1_00_0
49659,3_b8_1
19414,3_00_0
16011,4_00_0
48218,3_00_0
18333,6_00_0
49685,5_b6_1
19305,3_b3_1
53442,6_00_0
52562,3_00_0
25928,3_00_0
12010,6_00_0
31685,3_00_0
22892,1_00_0
39774,3_00_0
37481,1_00_0
19178,1_00_0
40384,1_00_0
47947,4_00_0
23091,4_00_0
29218,6_00_0
38665,3_00_0
11546,4_00_0
35134,6_00_0
32476,6_a11_1
38917,5_a7_2
41365,6_b5_1
51332,6_00_0
16604,4_00_0
19868,1_00_0
26042,3_00_0
47478,6_00_0
37159,2_a5_2
45689,3_a9_2
40104,2_00_0
19588,4_00_0
37761,1_00_0
23260,1_00_0
46141,3_00_0
52839,3_00_0
24643,4_00_0
49482,3_a9_1
52381,4_00_0
32935,4_00_0
16607,6_00_0
48742,6_a12_1
36034,4_00_0
27089,4_00_0
41088,5_00_0
40355,6_b4_1
46004,1_00_0
30844,6_00_0
18257,6_00_0
31264,3_b6_1
31492,4_00_0
53072,4_00_0
41456,1_00_0
30464,3_b6_1
53755,3_00_0
35630,1_00_0
13152,3_00_0
23501,3_a9_1
20088,1_00_0
47090,3_00_0
54788,4_00_0
21984,3_b6_1
32672,3_00_0
52629,5_b6_1
22648,6_00_0
48560,3_a9_1
25062,5_b6_1
34927,1_00_0
16186,3_00_0
41305,4_00_0
55298,4_00_0
12348,3_00_0
30731,3_b8_1
12692,1_00_0
25102,3_00_0
42611,3_a9_1
33765,5_a7_2
30732,1_00_0
52905,1_00_0
41579,1_00_0
32220,3_b6_1
48285,3_00_0
33416,1_00_0
46674,4_00_0
37614,4_00_0
41439,2_00_0
41623,6_00_0
25451,4_00_0
51716,3_a9_2
54897,3_00_0
33970,6_00_0
29561,4_00_0
44276,3_b3_1
10862,1_00_0
14926,3_00_0
30875,1_00_0
12231,6_00_0
36416,3_b7_1
13502,3_00_0
10523,3_00_0
43819,5_b6_1
27275,2_a5_2
36025,2_a5_2
52807,5_b7_1
36936,4_00_0
41011,2_a5_2
20624,3_b6_1
35267,2_a5_2
10478,6_00_0
39869,3_b8_1
22352,2_00_0
45475,3_00_0
10169,4_00_0
36659,2_00_0
21265,1_00_0
15842,6_00_0
50187,5_a7_2
48365,1_00_0
21822,6_00_0
13895,6_00_0
53289,5_a7_2
13403,6_00_0
54420,3_a9_1
53726,1_00_0
52678,6_00_0
32233,2_a5_2
27774,3_00_0
54370,3_00_0
46615,5_b7_1
19132,4_00_0
20360,6_00_0
17066,3_b7_1
30315,3_00_0
39401,6_00_0
40518,6_00_0
46769,1_00_0
32313,1_00_0
21338,3_00_0
21011,1_00_0
46063,3_00_0
23537,3_b6_1
46556,6_00_0
45011,6_00_0
31205,5_a7_2
22307,5_b6_1
10045,3_00_0
44692,1_00_0
38155,3_00_0
26071,4_00_0
53559,4_00_0
24268,1_00_0
41797,2_a5_2
34617,3_b8_1
15152,1_00_0
13514,3_00_0
28480,6_00_0
31993,6_00_0
43078,5_b6_1
43168,1_00_0
49546,4_00_0
22324,4_00_0
12356,6_00_0
25998,4_00_0
41733,6_00_0
48604,1_00_0
34515,3_00_0
14957,1_00_0
34966,4_00_0
28549,1_00_0
22096,6_b4_1
37631,6_a12_2
19791,3_00_0
32147,1_00_0
55922,1_00_0
43832,4_00_0
21552,3_00_0
18063,6_00_0
48248,5_b8_1
43452,3_b6_1
53152,5_b7_1
52609,5_b7_1
25380,6_00_0
20844,1_00_0
10851,2_00_0
40869,3_b7_1
56165,4_00_0
36473,6_00_0
56574,4_00_0
22574,6_00_0
15022,6_00_0
41898,1_00_0
42013,5_b8_1
34115,3_00_0
37655,3_00_0
48039,6_00_0
44600,5_b7_1
48811,3_b3_1
55297,1_00_0
50628,3_00_0
19939,3_00_0
36092,4_00_0
34184,5_a7_2
25419,3_00_0
47397,3_00_0
55005,3_00_0
32607,6_00_0
45081,4_00_0
27382,1_00_0
55308,4_00_0
32377,3_a9_1
36605,1_00_0
25345,3_a9_2
54017,6_00_0
55176,5_00_0
49032,3_00_0
15201,6_a11_1
56688,6_a12_1
42637,2_00_0
48689,2_00_0
42159,3_b3_1
23467,1_00_0
10927,3_b8_1
35995,3_b3_1
23528,5_b7_1
29727,4_00_0
16821,3_a9_2
46390,1_00_0
17633,4_00_0
51817,3_00_0
26998,1_00_0
20749,6_00_0
29886,3_b6_1
38412,3_b8_1
46637,6_00_0
10124,1_00_0
12071,6_00_0
22982,3_b6_1
42134,3_00_0
55740,3_a9_2
49917,1_00_0
24883,6_00_0
54763,3_b7_1
32281,4_00_0
15263,5_a7_2
41350,3_00_0
35290,1_00_0
44260,3_00_0
56584,3_00_0
49799,4_00_0
18042,6_00_0
43202,3_b3_1
55251,3_a9_1
52391,3_00_0
49205,1_00_0
45457,3_b7_1
52970,4_00_0
24198,1_00_0
56391,3_00_0
35489,4_00_0
17521,5_b6_1
18199,3_b6_1
19749,5_b8_1
51162,3_00_0
12214,3_00_0
18321,3_b6_1
15943,1_00_0
40051,6_00_0
22036,5_00_0
51802,6_a11_1
33502,6_00_0
16577,6_00_0
46613,6_a11_2
28909,2_a5_2
43726,3_b7_1
36278,1_00_0
37941,3_b3_1
13828,3_b3_1
34817,5_b6_1
30484,4_00_0
21804,4_00_0
27576,4_00_0
14050,3_00_0
34763,3_00_0
35663,4_00_0
45505,4_00_0
44954,3_00_0
45259,6_00_0
13506,3_00_0
35816,5_b8_1
39840,3_b7_1
28519,1_00_0
44639,3_00_0
36224,3_b8_1
50302,4_00_0
54530,6_00_0
25517,1_00_0
46703,4_00_0
26456,5_b7_1
52357,3_a9_3
53644,4_00_0
52689,3_00_0
42261,3_00_0
46723,1_00_0
31263,1_00_0
12738,3_00_0
22985,4_00_0
39767,6_00_0
40411,6_00_0
47153,1_00_0
38574,3_00_0
40597,3_00_0
44463,6_00_0
12522,4_00_0
13794,4_00_0
28735,6_00_0
33987,5_00_0
15089,3_b7_1
41443,3_00_0
31837,3_b3_1
36294,3_a9_1
41302,2_00_0
45962,3_b8_1
15572,3_b8_1
45623,3_00_0
24474,1_00_0
36847,3_00_0
51146,6_b4_1
29450,2_a5_2
34088,4_00_0
42619,5_b6_1
53632,4_00_0
21167,1_00_0
32239,3_b6_1
46559,3_00_0
21100,3_b3_1
23742,3_00_0
41116,3_a9_3
28240,6_00_0
51410,5_b8_1
40076,3_00_0
31647,3_00_0
38854,3_00_0
50764,1_00_0
32951,6_a12_1
22287,6_00_0
35094,6_00_0
41351,3_00_0
43914,5_b6_1
52346,6_00_0
43860,4_00_0
29941,4_00_0
13483,2_00_0
39656,3_a9_1
19548,6_a11_2
14646,3_a9_2
55277,1_00_0
34293,3_00_0
13018,1_00_0
49448,3_b6_1
44592,6_b4_3
39750,6_00_0
40958,6_00_0
44385,4_00_0
53087,6_00_0
16486,3_00_0
50147,3_00_0
40485,4_00_0
44061,3_a9_1
29598,1_00_0
47829,3_00_0
15710,2_a5_2
52388,5_b8_1
12604,1_00_0
40359,3_00_0
28775,3_b3_1
13242,6_00_0
54162,3_00_0
24428,5_b7_1
39886,5_b6_1
37627,3_00_0
43108,6_00_0
23252,2_a5_2
24145,2_00_0
24672,3_00_0
21585,3_00_0
12294,5_b6_1
16455,1_00_0
20767,3_b8_1
36154,5_b6_1
17482,5_b8_1
36679,6_00_0
42107,3_b3_1
56271,6_00_0
10173,3_b3_1
48728,4_00_0
43028,3_00_0
12589,3_00_0
56161,2_a5_2
11403,3_a9_1
44200,3_00_0
36097,4_00_0
24323,6_00_0
52972,3_00_0
39648,3_00_0
23178,6_00_0
17836,3_00_0
10652,3_b7_1
41658,1_00_0
52016,2_00_0
11542,6_00_0
39864,2_00_0
38269,3_00_0
52519,3_00_0
30922,1_00_0
27899,3_00_0
38088,3_00_0
41089,6_00_0
31867,1_00_0
43088,3_00_0
12276,3_00_0
54137,6_00_0
47286,3_b3_1
32847,4_00_0
15674,3_00_0
41553,3_00_0
35778,4_00_0
25149,6_00_0
11738,6_00_0
20765,5_a7_2
42926,2_00_0
27556,5_00_0
54681,6_00_0
39467,3_a9_3
36145,5_a7_2
26247,3_b6_1
53365,5_b7_1
41682,3_00_0
35020,4_00_0
14994,6_00_0
55361,4_00_0
25041,3_00_0
26514,3_00_0
16748,3_00_0
22139,1_00_0
17839,3_00_0
25671,3_b7_1
14119,1_00_0
21830,3_00_0
48501,6_00_0
50533,6_00_0
36449,5_a7_2
23692,5_00_0
27602,3_b8_1
11811,4_00_0
54937,3_a9_1
12258,4_00_0
33451,3_00_0
14322,3_00_0
22454,3_00_0
20716,4_00_0
24016,1_00_0
20183,4_00_0
31111,3_00_0
41093,1_00_0
33928,1_00_0
49558,3_00_0
41814,1_00_0
44021,1_00_0
11895,3_b8_1
45163,2_a5_2
29837,3_00_0
10274,1_00_0
50273,6_b4_1
39008,2_a5_2
28304,3_b7_1
30174,3_00_0
44531,3_b3_1
26443,4_00_0
50804,3_00_0
46696,6_00_0
14986,3_a9_1
40584,4_00_0
49764,1_00_0
36959,5_b7_1
15131,6_00_0
33794,3_b7_1
40281,3_b8_1
17785,3_b3_1
40171,3_00_0
54040,6_00_0
23901,4_00_0
21682,1_00_0
20423,5_b7_1
40821,6_00_0
12290,3_00_0
34890,3_b3_1
36713,4_00_0
14601,5_b8_1
40756,3_00_0
20091,5_b6_1
33040,2_a5_2
12470,5_b6_1
44186,6_00_0
29071,5_b7_1
47025,6_00_0
21232,3_00_0
17508,4_00_0
48151,1_00_0
16979,3_00_0
38301,6_00_0
51973,1_00_0
20237,3_b8_1
31460,1_00_0
41618,2_a5_2
28257,4_00_0
52473,3_b8_1
42371,6_00_0
30889,6_b4_3
45260,5_b8_1
33506,4_00_0
35612,3_b6_1
44416,3_00_0
35972,4_00_0
14694,1_00_0
56198,3_00_0
52515,4_00_0
41688,3_b7_1
54060,1_00_0
